ID,COUNTRY_ID,NAME,ADDRESS,POSTAL_CODE,CITY,PROVINCE,COUNTRY,EMAIL,WEBPAGE,BALLPARK_ID,PRESIDENT,SECRETARY,TREASURER,GOVERNANCE_PERSON,CLUB_LATITUDE,CLUB_LONGITUDE,STADIUM_LATITUDE,STADIUM_LONGITUDE
DOD,IC,Dodgers,Camino Burgado s/n,38400,Puerto de la Cruz,Canarias,Spain,,,,Néstor Pérez Suárez,Miguel Muñoz,,,28.4059532242403,-16.5691013387813,28.4061115044193,-16.5687738495669
ATL,IC,Atlanta,Camino Burgado s/n,38400,Puerto de la Cruz,Canarias,Spain,,,,Néstor Pérez Suárez,Miguel Muñoz,,,28.4059532242403,-16.5691013387813,28.4061115044193,-16.5687738495669
TAM,IC,Tampa Bay,Camino Burgado s/n,38400,Puerto de la Cruz,Canarias,Spain,,,,Néstor Pérez Suárez,Miguel Muñoz,,,28.4059532242403,-16.5691013387813,28.4061115044193,-16.5687738495669
ORI,IC,Orioles,Camino Burgado s/n,38400,Puerto de la Cruz,Canarias,Spain,,,,Néstor Pérez Suárez,Miguel Muñoz,,,28.4059532242403,-16.5691013387813,28.4061115044193,-16.5687738495669
AA,AT,ASAK Athletics,Badgasse 27,4800,Attnang-Puchheim,,Austria,,https://athleticsbaseball.at/,,Sebastian Libiseller,Martin Libiseller,Alex Lughofer,Rainer L. Krankl,48.0180667122617,13.7306182085939,48.0182320266678,13.73063698264
BB,AT,Schwechat Blue Bats,Franz Schuster Str. 5,2320,Schwechat,,Austria,info@bluebats.at,https://bluebats.at/,,Phil Weller,Peter Christof-Dirry,Astrid Mikeska,Karin Stephan,48.1265880262584,16.467635922806,48.1265503914734,16.4684935343726
DD,AT,Diving Ducks Wiener Neustadt,Zehnergürtel 155,2700,Wiener Neustadt,,Austria,,http://divingducks.com/,,Dr. Jürgen SCHEICHER,Alexandra ASTNER,Mag. Daniela VEVERA,Mara BENCKENDORFF MSc.,47.8073761402886,16.2129766213523,47.8069644787903,16.2129723942427
DOI,AT,Dornbirn Indians (DOI),Forachstraße 106a ,6850,Dornbirn ,,Austria,info@indians.at,https://www.indians.at/,,Stefan Intemann,DI Peter Luger MSc.,Mag. Holger Neyer,Wolfgang Pschorr,47.4345779030438,9.72899083930261,47.4347525263385,9.72921541893106
DI,AT,Dornbirn Indians (DI),Forachstraße 106a ,6850,Dornbirn ,,Austria,info@indians.at,https://www.indians.at/,,Stefan Intemann,DI Peter Luger MSc.,Mag. Holger Neyer,Wolfgang Pschorr,47.4345779030438,9.72899083930261,47.4347525263385,9.72921541893106
IN,AT,Dornbirn Indians (IN),Forachstraße 106a ,6850,Dornbirn ,,Austria,info@indians.at,https://www.indians.at/,,Stefan Intemann,DI Peter Luger MSc.,Mag. Holger Neyer,Wolfgang Pschorr,47.4345779030438,9.72899083930261,47.4347525263385,9.72921541893106
FC,AT,Feldkirch Cardinals,Sägerstraße,6800,Feldkirch,,Austria,,https://www.cardinals.at/,,Achim Feifel,Patrizia Frohner,Eva-Maria Allgäuer,Ian Breitenfelder,47.2599253232399,9.58162514432317,47.2600776814298,9.58117047213895
GH,AT,Traiskirchen Grasshoppers,Badgasse 18,2514,Traiskirchen,,Austria,info@grasshoppers.cc,https://www.grasshoppers.cc/,,,,,,48.0143920804549,16.3025651264162,48.0146518201236,16.3024239720904
HB,AT,Hard Bulls,Seestraße 64,6971,Hard,,Austria,,https://www.hardbulls.com/?b=100326&c=NL,,Andreas Rudigier,Marcel Winder,Lisa-Marie Boss,Wilfried Brun,47.4883292197844,9.68077278348174,47.4881500160096,9.68022078543899
VM,AT,Vienna Metrostars (VM),Aspernallee 3,1020,Wien,,Austria,,https://www.viennametrostars.at/en/Home.htm,,Walter Herzog,Hubert Weiser Sr.,Erhard Rauch,Markus Schiller,48.1943186903406,16.4404438797586,48.1942831577603,16.4394796858246
MS,AT,Vienna Metrostars (MS),Aspernallee 3,1020,Wien,,Austria,,https://www.viennametrostars.at/en/Home.htm,,Walter Herzog,Hubert Weiser Sr.,Erhard Rauch,Markus Schiller,48.1943186903406,16.4404438797586,48.1942831577603,16.4394796858246
VW,AT,Vienna Wanderers,Spenadlwiese,1020,Wien,,Austria,,http://www.wanderers.at/,,,,,,48.2088144191636,16.4024456546856,48.208956943398,16.4047749333006
AND,BE,Andenne Black Bears,Rue sous Meuse de la Déportation,5300,Namêche,Namur,Belgium,david.delvenne@skynet.be,https://www.andenne-baseball.be/,,,,,,50.4702224167058,5.00041431244836,50.4702224167058,5.00041431244836
ANT,BE,Antwerp Eagles,Eglantierlaan 66,2610,Wilrijk,Antwerpen,Belgium,secretariaat@antwerpeagles.com,http://www.antwerpeagles.com/,,Peter Van Ackeren,Nick Van Den Bosch,Gert Van Den Berg,,51.1843016476454,4.39730832724277,51.1843016476454,4.39730832724277
BER,BE,Berendrecht Bears,Steenovenstraat 1,2040,Berendrecht,Antwerpen,Belgium,john.hoirelbeke@skynet.be,http://www.bsc-bears.be/,,John Hoirelbeke,Daniella Pauwels,Viviane Schuerewegen,,51.3520864806142,4.32311878365702,51.3563575330606,4.35707141666301
BEV,BE,Beveren Lions,Klapperstraat 103,9120,Beveren,Oost-Vlaanderen,Belgium,info@beverenlions.be,http://www.beverenlions.be/,,Jo Van Der Herten,Jean-pierre Bosman,Jakob Van Poucke,,51.2117926163615,4.24061454028545,51.2117926163615,4.24061454028545
BIN,BE,Binche Guardians,Cité Des Espinois 1/z,7020,Mons,Hainaut,Belgium,sebastien.murer@lfbbs.be,https://baseballbinche.be/,,,,,,50.4863850721177,3.95808648587077,50.4152214435802,4.19619102148016
BOR,BE,Borgerehout Squirrels,Vosstraat 109,2140,Borgerhout,Antwerpen,Belgium,secretaris@borgerhoutsquirrels.be,http://www.borgerhoutsquirrels.be/,,Yannick Gontier,Sigrid Gontier,,,51.1946353464494,4.45246672066417,51.1942802951908,4.4520966267921
BRA,BE,Braaschaat Braves,Bijsterveld 3,2930,Brasschaat,Antwerpen,Belgium,info@brasschaatbraves.be,http://www.brasschaatbraves.be/,,,,,,51.3293816097935,4.50426917479224,51.3293816097935,4.50426917479224
BRG,BE,Brugge Braves,Geralaan 50,8310,Brugge,Oost-Vlaanderen,Belgium,brugge.braves@gmail.com,http://www.brugge-braves.be/,,Erwin Warrinnier,Filip Moerman,,,51.2214608757739,3.24989356187292,51.2214608757739,3.24989356187292
BRI,BE,Braine Black Rickers,"Rue Landuyt, 2",1440,Braine-le-Château,Walloon Brabant,Belgium,info@black-rickers.be,https://www.black-rickers.be/,,,,,,50.6850447642547,4.27436222260532,50.6850447642547,4.27436222260532
BRU,BE,Brussels Kangaroos,"Avenue J.F. De Becker, 64",1200,Woluwé-Saint-Lambert,Bruxelles,Belgium,secretary@brusselskangaroos.be,https://brusselskangaroos.be/,,,,,,50.844063351221,4.45446108097263,50.8445743090247,4.45301646198388
CHI,BE,Chicaboos Stabroek (CHI),Hasenpad 1,2940,Stabroek,Antwerpen,Belgium,info@chicaboos.be,http://www.chicaboos.be/,,Dirk De Cock,Frank De Nijs,Evi De Nijs,,51.3389698691823,4.38496474805032,51.3389698691823,4.38496474805032
STA,BE,Chicaboos Stabroek (STA),Hasenpad 1,2940,Stabroek,Antwerpen,Belgium,info@chicaboos.be,http://www.chicaboos.be/,,Dirk De Cock,Frank De Nijs,Evi De Nijs,,51.3389698691823,4.38496474805032,51.3389698691823,4.38496474805032
DEU,BE,Deurne Spartans,Ruimtevaartlaan 22,2100,Deurne,Antwerpen,Belgium,info@spartans.be,http://www.spartans.be/,,Luc Van Hove,Nicole Van Den Broek,,,51.1936340306567,4.4575758581659,51.1936780086446,4.45691445479696
GEN,BE,Gent Knights,Oude Scheldeweg 2,9050,Gentbrugge,Oost-Vlaanderen,Belgium,info@gentknights.be,http://gentknights.be/,,Kevin Devos,Annelies Willekens,Leen Polfliet,,51.0416570731683,3.77807766304638,51.0416570731683,3.77807766304638
GRE,BE,Royal Greys,Alkstraat 57,2170,Merksem,Antwerpen,Belgium,royalgreys@telenet.be,http://www.royalgreys.be/,,Ronnie Driessens,Marina Dorny,Edith Wagemans,,51.260888946948,4.442005189744,51.2613221540603,4.4408990330689
HEI,BE,Heist o/d Afterburners,Kloosterveldstraat 7,2221,Booischot,Antwerpen,Belgium,info@afterburners.be,http://www.afterburners.be/,,Mario Verbruggen,Ellen Bruynseels,Anja Van Der Veken,,51.0441713443652,4.76616978770388,51.0447438281479,4.76703161865661
HOB,BE,Hoboken Pioneers,Schansstraat 1,2660,Hoboken,Antwerpen,Belgium,info@pioneers.be,http://www.pioneers.be/,,Tom Lorrentop,Jill Lorrentop,Patsy Michielsen,,51.1653674317865,4.35380599209706,51.1658025358897,4.35404812317572
JEM,BE,Jemeppe White Sharks,"Rue Saint-Martin, 21",5190,Jemeppe-sur-Sambre,Namur,Belgium,whitesharks.secretariat@gmail.com,https://www.facebook.com/whitesharksbb/,,,,,,50.4650292820698,4.65628053159982,50.4650292820698,4.65628053159982
LEU,BE,Leuven Twins,Tervuursevest 101,3001,Heverlee,Vlaams-Brabant,Belgium,info@leuventwins.be,,,Arno Aarts,Fiona Hermans,Stefan Verelst,,50.8671050658706,4.68889872091557,50.8671050658706,4.68889872091557
LIE,BE,Liège Rebels,"Voie Mélotte, 16B",4020,Liège,Liège,Belgium,secretariat@liegebaseball.be,https://www.liegebaseball.be/,,,,,,50.6334770220062,5.62154606115204,50.6332090714355,5.62106259298805
LIM,BE,Limburg White Sox,Herkenrodestraat 22,3600,Genk,Limburg,Belgium,info@whitesox.be,https://whitesox.be/,,Eric Crauwels,Sandra Leurs,Thijs Mangelschots,,50.953932436003,5.40592801962375,50.9539427534143,5.40701306200598
MAR,BE,Marche-en-Famenne Cracks,"Rue Victor Libert, 36",6900,Marche-en-Famenne,Luxembourg,Belgium,cenatair@marche.be,https://www.facebook.com/people/Les-Cracks/100057186112286/,,,,,,50.228386907181,5.33519537900615,50.228386907181,5.33519537900615
MER,BE,Merchtem Cats,J. Stallaertstraat 10,1785,Merchtem,Vlaams-Brabant,Belgium,info@merchtemcats.com,http://www.merchtemcats.com/,,Anton Siebelink,Veronique Vandermersche,Bart Saerens,,50.9560705918173,4.24385053023134,50.9560631146774,4.24440100406635
MON,BE,Mons Athletics,"Cité des Espinois, 1/Z",7020,Mons,Hainaut,Belgium,mons.baseball.softball@gmail.com,https://www.facebook.com/MonsAthleticsBaseballSoftball/about,,,,,,50.4863839932774,3.95809218594864,50.4863839932774,3.95809218594864
MOR,BE,Mortsel Stars,Gasthuishoeve 1,2640,Morstel,Antwerpen,Belgium,info@mortselstars.be,http://mortselstars.be/,,Damon Baesen,Els Hendrickx,,,51.1806388182114,4.47032934750069,51.1806388182114,4.47032934750069
CAN,BE,Cantincrode Stars,Gasthuishoeve 2,2640,Morstel,Antwerpen,Belgium,info@mortselstars.be,https://www.facebook.com/Kon.MortselStars/,,Damon Baesen,Els Hendrickx,,,51.1806388182114,4.47032934750069,51.1806388182114,4.47032934750069
MSG,BE,Mont-Saint-Guibert Phoenix,Avenue du Cerisier,1435,Mont-Saint-Guibert,Walloon Brabant,Belgium,info@msgphoenix.be,https://www.msgphoenix.be/,,,,,,50.64156151127,4.62189504641259,50.642423061001,4.62139871160309
NAM,BE,Namur Angels,"Rue de la 1ère Armée Américaine, 135",5100,Wépion,Namur,Belgium,info@namur-angels.be,http://www.namur-angels.be/,,,,,,50.4057976810898,4.8436201553293,50.4055458144099,4.84543603226492
OOS,BE,Oostende Piranhas,Sportparklaan 6,8400,Oostende,Oost-Vlaanderen,Belgium,info@piranhas.be,http://www.piranhas.be/,,Dirk Gunst,Marc Leniere,Sylvia Derycker,,51.2120553543816,2.91082035505582,51.1968289080324,2.92410499243431
OUD,BE,Oudernaarde Frogs,Rodelos 4,9700,Oudenaarde,Oost-Vlaanderen,Belgium,info@thefrogs.be,https://thefrogs.be/,,Jonas Hoebeke,Lisa Biasino,Céline De Roeck,,50.8512807451108,3.61520537244456,50.8526271992782,3.61943799244016
PEL,BE,Pelt Nstars,Wandeldreef,3910,Pelt,Limburg,Belgium,Info@nstars.be,https://www.nstars.be/,,Hans Ronkes,Koen Loyens,,,51.2338017873957,5.41567932656944,51.2338017873957,5.41567932656944
POP,BE,Poperinge Frontliners,Reningelstseweg 1-21,8970,Poperinge,West-Vlaanderen,Belgium,info@frontliners.be,https://www.frontliners.be/,,Geoffrey Andries,Maarten Kiebooms,Fabienne Lowier,,50.8439189528493,2.7369135900429,50.8439189528493,2.7369135900429
SER,BE,Seraing Brown Boys,"Clos des Roselières, 27",4101,Jemeppe-sur-Meuse,Liège,Belgium,info@brownboys.be,https://www.brownboys.be/,,,,,,50.6215901134689,5.47826966685748,50.6216346540695,5.47769771894837
TBS,BE,Olen Titans,Missestraat 12,2250,Olen,Antwerpen,Belgium,info@titans-bsc.be,https://www.titans-bsc.be/,,Ludo Van Tendeloo,Peter Allaerts,,,51.1552033671463,4.89076671167254,51.1553712404793,4.88995495839304
TON,BE,Tongeren Sharks,Rietmusweg 7,3700,Tongeren,Limburg,Belgium,info@sharks.be,https://baseball.be/,,Marc Swers,Hans Pleumeekers,,,50.7711649295542,5.46755985033286,50.771249435981,5.46805114524735
TOU,BE,Tournai Celtics,"Avenue De Gaule, 2",7500,Tournai,Hainaut,Belgium,info@tournaiceltics.be,https://tournaiceltics.be/,,,,,,50.6036244086999,3.37952736943998,50.6036244086999,3.37952736943998
TZH,BE,Terneuzen Zeeuwse Honk,Vliegende Vaart 11,4537DH,Terneuzen,Zeeland,Netherlands,info@zeeuwsehonk.nl,http://www.zeeuwsehonk.nl/,,,,,,51.3151462277555,3.84250425260028,51.3141030192216,3.84250626991699
WBA,BE,WBA Foxes,Modernadreef,9100,Sint-Niklaas,Oost-Vlaanderen,Belgium,info@wbafoxes.be,https://wbafoxes.be/,,Marcel Vanlooy,Mathias Bruggeman,Michael Van Hove,,51.1693858570573,4.12517978128262,51.170549115972,4.12427435834183
WIE,BE,Wielsbeke Pitbulls,Loverstraat 108,8710,Wielsbeke,West-Vlaanderen,Belgium,eric.secember@gmail.com,http://www.pitbulls.be/,,Tijs Van Canneyt,Eric Secember,,,50.9161300214537,3.40116693745083,50.9173160195475,3.40084141676666
ZON,BE,Zonhoven Tigers,Kleebergweg 27,3520,Zonhoven,Limburg,Belgium,info@sunville-tigers.be,http://sunville-tigers.be/,,Patrick Kuenen,Dirk Hendriks,Koen Stalmans,,50.983600462189,5.38441248819181,50.9835511022205,5.3870695806932
ZOT,BE,Zottegem Bebops,Zwembadstraat,9620,Zottegem,Oost-Vlaanderen,Belgium,bestuur@bebops.be,http://www.bebops.be/,,Johan De Zutter,Filip Callebaut,Frederik Plasschaert,,50.8682950844867,3.82520273246943,50.868683809626,3.82541982312164
ANT,ES,Antorcha Valencia,C/ del Pla de la Saïdia 3 La Saïdia,46009,Valencia,Comunidad Valenciana,Spain,cbs.antorcha@hotmail.com,https://cbsantorcha.com/,,Gilberto Sánchez,Javier Sánchez,Noelia Flores,Pedro Mariano Aineto García,39.4824041172014,-0.378722936818202,39.4824594945539,-0.378456057047963
AST,ES,Astros Valencia,C/ del Pla de la Saïdia 3 La Saïdia,46009,Valencia,Comunidad Valenciana,Spain,astros.campo@gmail.com,http://astrosbeisbolvalencia.com/,,Juan García,Mónica Ituarte Climent,María Francisca Collado López,Raúl Rosell,39.4823585731774,-0.378949583457249,39.4824594945539,-0.378456057047963
BCN,ES,Barcelona,Carrer Pierre de Coubertin 9 Sants-Montjuïc,8038,Barcelona,Cataluña,Spain,admin@beisbolbarcelona.com,http://www.bateando.com/,,Josep Juaneda Barber,Fernando Rogelio Guillen Llorente,Manuel Cuevas Saura,José María Román Senante,41.3638915139699,2.14907155375457,41.3634023611578,2.14904296885142
INA,ES,San Inazio,POLIDEPORTIVO EL FANGO – REKALDE Carretera Larraskitu s/n,48012,Bilbao,Vizcaya,Spain,saninazio-beisbol@telefonica.net,https://saninaziobeisbol.net/,,Fernando San Andres,Jose Puga,Oscar Garcia,Aitor Bilbao,43.2462752859329,-2.93888743120066,43.2462752859329,-2.93888743120066
IRA,ES,Irabia,Calle Cintruénigo s/n,31015,Pamplona,Navarra,Spain,,https://www.irabiabeisbol.es/,,Juan Pastor,Alberto Avia Urricelqui,Fidel Calvo,Cristina Ormazábal Goicoechea,42.8273715977131,-1.62505773275751,42.8273715977131,-1.62505773275751
MAR,ES,Tenerife Marlins,Camino Burgado s/n,38400,Puerto de la Cruz,Canarias,Spain,,http://marlinspuertocruz.es/,,Aurelio Da Silva,María Elena Salazar Martínez,Alain Ramírez Tornés,Néstor Pérez Suárez,28.4059532242403,-16.5691013387813,28.4061115044193,-16.5687738495669
MIR,ES,Miralbueno,Paseo Lagos de Alba s/n,50011,Zaragoza,Aragón,Spain,cbmiralbueno@gmail.com,http://www.beisbolmiralbueno.es/,,José Arroyo Calvo,María Ángeles Álvarez Ferrandez,Jonathan Castán,Eduardo Lahuerta,41.6597771752298,-0.936153338228324,41.6597771752298,-0.936153338228324
NAV,ES,C.D. Arga Navarra,Plaza Benitorena 1 - 3 A,31600,Burlada,Navarra,Spain,info@cdarga.com,https://www.cdarga.com/,,Ricardo Cordoba,Meritxell Muñio,,Txemi Lacalle,42.8213477404488,-1.618247485512,42.8213477404488,-1.618247485512
SBO,ES,Sant Boi,Avinguda d’Aragó 27,8830,Sant Boi de Llobregat,Cataluña,Spain,oficina@beisbolsantboi.com,http://www.beisbolsantboi.com/,,Francisco Izquierdo,Francisco Izquierdo,Carles Cerda,Antonio Burgos Moreno,41.3353868780959,2.03059534159556,41.3351882642372,2.02999703964391
TOR,ES,Toros,C. Rodrigo Ximénez de Rada Carr. de Artica,31014,Pamplona,Navarra,Spain,toros@cbstoros.com,https://www.cbstoros.com/,,Víctor Martínez,Iñaki Alfonso Esquiroz,,Alberto Español,42.831563816288,-1.65158361257458,42.831563816288,-1.65158361257458
VIL,ES,Viladecans,Carrer de Marià Sanjuan Cuchí 14,8840,Viladecans,Cataluña,Spain,cbvila@beisbolviladecans.com,,,Joan Rodríguez Ayma,David Garcia Fernandez,Encarnación Robles,David Garcia Fernandez,41.3244847532257,2.01686964768792,41.3248673295889,2.01716453667618
BMB,GB,Bournemouth Bears,Cherry Grove,BH22 9EZ,Ferndown,Dorset,United Kingdom,wessexbears@hotmail.com,https://www.bournemouthbaseball.co.uk/,,José López,Juan Miguel Ortega,Ben Hyde,Grant Rowe,50.8053856859908,-1.90374048822339,50.8043806760102,-1.90460273845145
EXA,GB,Essex Arrows,"Townmead Leisure Park, Brooker Rd ",EN9 1JH,Waltham Abbey,Essex,United Kingdom,,https://www.essexbaseball.com/,,Vince Warner,Sean Briscomb,Brad Neal,Dave Shaer,51.7500516943603,0.447393022692378,51.6815172647902,-0.00932057377804644
LDC,GB,London Capitals,Finsbury Park,N4 1EE,London,Greater London,United Kingdom,,,,,,,,51.6538486124141,-0.0649196698234384,51.5747856424006,-0.0995587461996848
LDM,GB,London Mets,Finsbury Park,N4 1EE,London,Greater London,United Kingdom,,https://www.londonmets.org/,,Greg Guillette,Russell Eassom,Paul Strang,Gabriyas Martens,51.6538486124141,-0.0649196698234384,51.5747856424006,-0.0995587461996848
SHB,GB,Sheffield Bruins,"Thorpe Green Park, Waterthorpe",S20 7HH,Sheffield,South Yorkshire,United Kingdom,manager.sheffieldbruins@gmail.com,https://www.sheffieldbruinsbaseball.com/,,,,,,53.3373526573681,-1.35563279516154,53.3373526573681,-1.35563279516154
VET,GB,Bristol Vetra,"Wedmore Rd, Saltford",BS31 3BY,Bristol,Bristol,United Kingdom,,https://hertsbaseball.com/teams/bc-vetra/,,Sean Bennett,Matt Bell,Rob Jones,Greg Bochan,51.406024631749,-2.46295741586204,51.7764700173652,-0.457148619094614
ACA,IT,Academy of Nettuno BC ASD,VIA LOMBARDIA 93/B,48,Nettuno,Lazio,Italy,academynettunobc@legalmail.it,http://www.baseballacademynettuno.it/,,Roberto De Franceschi,Alvaro Seccafieno,Jordan Messina,Cristian Mandolini,41.4615679228767,12.6674538513775,41.4688093611212,12.6793022251656
ATL,IT,Bologna Athletics ASD,Via Luigi Pirandello 6,40127,Bologna,Emilia Romagna,Italy,athleticsbologna@pec.net,https://athleticsbaseball.it/,,Massimo Meo,Alessandro Giannotti,Danilo Minarini,Sergio Ghedini,44.5114608241436,11.3907733622097,44.5103908891495,11.3910171015163
BBC,IT,BBC Grosetto ASD,VIA DEI BARBERI 108 PAL. 6 SC. A,58100,Grosseto,Toscana,Italy,segreteria@jrgrosseto.it,https://bbcgrosseto.com/,,Giuseppe Demi,Sandro Chimenti,Alessandro Macchelli,Luca Moretti,42.7539286387032,11.1033884807137,42.7538223256593,11.1041501814358
JRG,IT,BBC Grosetto ASD,VIA DEI BARBERI 108 PAL. 6 SC. A,58100,Grosseto,Toscana,Italy,segreteria@jrgrosseto.it,https://bbcgrosseto.com/,,Giuseppe Demi,Sandro Chimenti,Alessandro Macchelli,Luca Moretti,42.7539286387032,11.1033884807137,42.7538223256593,11.1041501814358
BOL,IT,Fortitudo Bologna SSD,P.ZALE ATLETI AZZURRI D'ITALIA 11,40141,Bologna,Emilia Romagna,Italy,info@fortitudobaseball.com,https://www.fortitudobaseball.it/,,Pierluigi Bissa,Marco Macchiavelli,Luciano Folletti,Umberto Tarozzi,44.4638027687566,11.3812094265341,44.4625116284514,11.3809792344766
BOZ,IT,Bolzano Baseball Club ASD,VIA DELLA VISITAZIONE 60/1,39100,Bolzano,Trentino Alto Adige,Italy,info@baseball-bolzano.it,https://www.baseball-bolzano.it/,,Sonia Varolo,Mauro Belliero,Luigi Divina,Pietro Sommadossi,46.4912158258753,11.3285346336262,46.5065226152861,11.3480353055702
BRE,IT,Brescia Baseball,VIA CORSICA 215,25125,Brescia,Lombardia,Italy,info@bresciabaseball.it,https://www.bresciabaseball.it/,,Antonio Manfredini,Stefano Sbardolini,Angelo Scaglia,Paola Abrami,45.5293779323951,10.2013222009891,45.5115219797258,10.2383351898558
CAG,IT,Cagliari Baseball Club ASD,VIA SCANO 11,9129,Cagliari,Sardegna,Italy,cagliaribaseball@tiscali.it,https://it-it.facebook.com/groups/307277127807/about,,Aldo Pisano,Walter Angioi,Eleonora Gessa,Davide Murgia,39.2134434680706,9.13048279121238,39.2096070520403,9.16588506985095
CAN,IT,Catalana Bas. Soft. ASD,Via Emilia,7041,Alghero,Sassari,Italy,catalanalghero@gmail.com,https://www.facebook.com/catalanabaseballesoftball/,,,,,,40.5825387763994,8.31512931757352,40.5825387763994,8.31512931757352
CAS,IT,Castenaso B.C. ASD,Via XXI Ottobre 1944 8,,Castenaso,Emilia Romagna,Italy,bccastenaso@gmail.com,https://www.castenasobaseball.it/,,Dott. Andrea Ponfiglioli,Lino Morroia,Paolo Bentivogli,Marco Braina,44.5122379288229,11.4702140589669,44.5128040808785,11.4697983165814
CER,IT,Cervignano Baseball ASD,VIA C. COLOMBO 26,33052,Cervignano Del Friuli,Friuli Venezia Giulia,Italy,cervignano.baseball@libero.it,https://www.cervignanobaseball.it/,,Tito Ricciarelli,Giuseppe Vargiu,Luca Ricciarelli,Ivano Sassi,45.821701859204,13.3423920456203,45.8203201286606,13.3493904636208
COD,IT,Codogno BAS. ‘67 ASD,VIALE DELLA RESISTENZA 10,26845,Lodi,Lombardia,Italy,info@baseballcodogno.it,https://www.baseballcodogno.it/,,Giangiacomo Sello,Giancarlo Contini,Pietro Barattini,Ezio Orsi,45.1678277543038,9.69878962766331,45.1676945985939,9.69837489440635
COL,IT,Collecchio BC ASD,VIA MONTESSORI 5/A,43044,Collecchio,Emilia Romagna,Italy,posta@collecchio-bs.it,https://www.collecchio-bs.it/,,Giorgio Acerbi,Silvia Dondi,Fabrizio Boschi,Evaristo Dallaturca,44.7500950031215,10.2061949788661,44.7494320565477,10.2051237615208
CRO,IT,Crocetta Baseball Club ASD,VIA MADONNA DELL'AIUTO N. 5/A,43126,Parma,Emilia Romagna,Italy,info@crocettabaseball.com,https://www.crocettabaseball.com/,,Ivan Ferrarini,Jacopo Zinelli,Cristiano Ronchini,Marco Bigliardi,44.8104955028889,10.2746999731968,44.8106218838762,10.2740125275145
DRA,IT,Thunders & Dragons Castelfranco,"Via Malvolta, 57",31033,Castelfranco,Veneto,Italy,thundersdragons.castellana@gmail.com,https://www.facebook.com/thundersdragons/,,,,,,45.6638193527566,11.9453389510521,45.6642895182277,11.9453513206542
FIO,IT,Fiorentina Baseball SSD ARL,"VIALE MANFREDO FANTI, 18",50137,Firenze,Toscana,Italy,info@fiorentinabaseball.it,https://www.fiorentinabaseball.it/#/,,Stefano Canali,Andrea Biffoli,Andrea Osella,Greta Forni,43.7793076687494,11.2861706468266,43.7793769271978,11.2867100764549
GOD,IT,Godo ASD BSC,VIALE BARACCA 17,48026,Russi,Emilia Romagna,Italy,asdbaseballgodo@gmail.com,https://www.baseball-godo.com/,,Carlo Naldoni,Alessandra Soprani,Nevio Kristancic,Pierluigi Meriggi,44.3832578958784,12.0682777430863,44.3833520074515,12.0688315690997
GRO,IT,Grosetto 1952 SSD ARL BSC,VIALE OMBRONE 44,58100,Grosseto,Toscana,Italy,bscgrosseto1952@mtlpec.eu,https://www.bscgrosseto.it/,,Massimo Ceciarini,Roberto Piccioli,Antonio Pugliese,Niccolò Cinelli,42.7616730706523,11.0957318458614,42.7608176719964,11.0898336085149
LAN,IT,Lancers BC ASD,"via Livornese ,s.n.c. C.P. n2",50055,Lastra A Signa,Toscana,Italy,lancersbc@pec.it,https://lancersbaseballclub.com/,,Paolo Moretti,Gabriele Nerbini,Stefania Lucherini,Alessio Beconcini,43.7812284218671,11.0736404130003,43.7815308736246,11.0730796952293
LIN,IT,Lion’s Baseball Nettuno ASD,VIA CUPA DEI MARMI,48,Nettuno,Lazio,Italy,lionsnettuno@gmail.com,https://www.facebook.com/lionsbaseballnettuno/,,Alfonso Gualtieri,Roberta Lo Fazio,Moira D'andrea,Daniele Frezza,41.4570554249818,12.6372396981403,41.4688093611212,12.6793022251656
LON,IT,Longbridge 2000 Bologna ASD,VIA G. BOTTONELLI 70,40132,Bologna,Emilia Romagna,Italy,settoregiovanile@fortitudobaseball.com,https://www.facebook.com/Longbridge/,,Roberto Franceschini,Simonetta Zoni,Monica Farinelli,Fiorella Pesci,44.5023522724847,11.2825887483069,44.5023522724847,11.2825887483069
MAC,IT,Macerata Angels ASD,VIA GINO VALENTINI snc,62100,Macerata,Marche,Italy,info@macerataangels.it,https://www.facebook.com/macerataangels/about,,Andrea Graziani,Giampaolo Giustozzi,Cristiano Meschini,Leonardo Splendiani,43.2991340024297,13.4418796269987,43.2991340024297,13.4418796269987
MIL,IT,Milano Baseball 1946 ASD,"Piazza G.Grandi,22",20135,Milano,Lombardia,Italy,segreteria@milanobaseball.it,https://www.milanobaseball.it/,,Alessandro Selmi,Tiziana Rombi,Enrico Rocchinotti,Stefano Lusian,45.461822406617,9.22132179870055,45.4660729359154,9.11015449643853
MOD,IT,Modena BC SOC COOP SSD,VIA MINUTARA 24,41122,Modena,Emilia Romagna,Italy,modenabc@libero.it,https://www.modenabaseball.it/,,Claudio Campioli,Ofelia Vitale,Loredana Auletta,Giancarlo Fabbri,44.6419538037438,10.9501745409247,44.6419538037438,10.9501745409247
MON,IT,Montefiascone 67 ASD,VIA G. CONTADINI - LOC.FONTANELLE,1027,Montefiascone,Lazio,Italy,montefiasconebc@libero.it,http://www.montefiasconebaseball.it/Home.html,,Cristiano Tabarrini,Manuela Negro,Roberto Ballarotto,Mauro Coppola,42.5304609479275,12.0347249491122,42.5300288019266,12.0366220235337
NE2,IT,Nettuno 2 Baseball Club ASD,VIA V. VENETO 135,48,Nettuno,Lazio,Italy,BaseballN2Elite@legalmail.it,,,Domenico Della Millia,Laureano Palmisano,Ivano Pietrangeli,Pasqualino Cerchio,41.4621376573135,12.6147083583188,41.4688014986642,12.6803336919701
NET,IT,Nettuno BC 1945 ASD,VIA A. LAURI 1,48,Nettuno,Lazio,Italy,nettunobc1945@pec.it,,,Fabio Bonifazi,Marco Bianchi,Ilaria Coppola,Leonardo Mazzanti,41.4690753041,12.6791790797007,41.4688014986642,12.6803336919701
OLT,IT,Oltretorrente Baseball Club ASD,VIA VOLTURNO 95/A,43125,Parma,Emilia Romagna,Italy,info@oltretorrentebaseball.it,,,Andrea Paini,Paolo Bettati,Stefano Panizzi,Luca Cantadori,44.7971491635405,10.2979941941365,44.7965389754142,10.2979684951242
PAD,IT,Padova BAS SOFT Club ASD,"VIA G. GEREMIA, 2",35133,Padova,Veneto,Italy,padova.baseball@pec.it,https://www.padovabaseball.com/,,Marco Flores D'arcais,Andrea Sambugaro,Stefano Turioni,Piero Andrea Zuin,45.4353599540486,11.8989743481843,45.4353599540486,11.8989743481843
PAR,IT,1949 Parma Baseball Club ASD,VIA CONFALONIERI CASATI 22,43125,Parma,Emilia Romagna,Italy,direzione@parmabaseball.it,http://parmabaseball.it/,,Luca Meli,Gabriele Carpena,Innocente Franchini,Maurizio Renaud,44.7932642212563,10.3003476853808,44.7935695295659,10.2997549361026
PAU,IT,Polisportiva Padule Baseball ASD,VIA RISORGIMENTO 237,50019,Sesto Fiorentino,Toscana,Italy,romanobecchi@gmail.com,https://www.padule-baseball.it/,,Romano Becchi,Lorenzo Pieri,Tommaso Mantelli,Leonardo Becchi,43.8367425711613,11.1766937968008,43.8381587310321,11.1796034145578
POV,IT,Poviglio Baseball ASD,VIA GRUARA 57,42028,Poviglio,Emilia Romagna,Italy,povigliobaseball@virgilio.it,https://www.povigliobaseball.it/,,Andrea Giovanardi,Bruno Rosario Lettieri,Leonardo Rossetti De Amici,Antonino Francesco Arcolà,44.8471511622501,10.5358139634728,44.8471511622501,10.5358139634728
RED,IT,Rangers Redipuglia,Via Atleti d'Italia 1,34070,Fogliano Redipuglia,Friuli Venezia Giulia,Italy,rangersbc@hotmail.com,https://www.rangersredipuglia.it/,,Salvatore Sechi,Cristina Pozzar,Alberto Varin,Andrea Gon,45.852174312157,13.4815324429722,45.8516312259484,13.4817877276534
REG,IT,Reggio Baseball ASD,VIA PETIT BON 1,42122,Reggio Nell'Emilia,Emilia Romagna,Italy,segreteria@reggiobaseball.com,,,Graziella Casali,Fermino Biagini,Vincenza Ardenti,Angel Ramon Vargas Badillo,44.6834572357931,10.645096688808,44.6837484424043,10.6454670629072
RES,IT,Paternò Red Sox Baseball ASD,VIA DON MILANI 39,95047,Paternò,Sicilia,Italy,asdpaternobaseball@tiscali.it,,,Giuseppina Loredana Orfanò,Simona Emanuela Orfanò,Giulia Marici,Deborah Stabile,37.5749045183361,14.9025914444145,37.5299906466702,14.9054348796332
RFA,IT,Torre Pedrera Falcons BC,VIA DANTE ALIGHIERI 45,47921,Rimini,Emilia Romagna,Italy,amministrazione@torrepedrerafalcons.org,https://torrepedrerafalcons.org/,,Carlo Ravegnani,Alessandro Ingardia,Andrea Gregorini,Eros Giovannini,44.0624014835609,12.5727847886467,44.0757711779931,12.5488318182468
RIM,IT,New Rimini Baseball Softball SSD ARL,VIALE PRINCIPE AMEDEO 76,47921,Rimini,Emilia Romagna,Italy,SEGRETERIA@NEWRIMINIBASEBALL.IT,https://www.newriminibaseball.it/,,Alessia Valducci,Giacomo Pelliccioni,Massimiliano Gabrielli,Matteo Zonzini,44.0708370427505,12.5754788332365,44.062342756283,12.5388262812254
RON,IT,New Black Panthers ASD,PIAZZALE ATLETI AZZURRI D'ITALIA 3,34077,Ronchi Dei Legionari,Friuli Venezia Giulia,Italy,posta@ronchibaseball.it,https://www.facebook.com/ronchibaseball/,,Mario Besio,Alessandro Stabile,Mauro Berini,Silvia Devetag,45.8327264554163,13.4934117388435,45.8328062026995,13.4939817647148
ROV,IT,Baseball Softball Club Rovigio ASD,VIA MURE SOCCORSO 13,45100,Rovigo,Veneto,Italy,info@bscrovigo.it,https://www.bscrovigo.com/,,Alessandro Boniolo,Federico Brusaferro,Mabel Martelli,Roberta Turrini,45.0733560754553,11.7909896965918,45.0575232269067,11.7823493541738
RSM,IT,San Marino Baseball Club ASD,VIA COSTA DEL BELLO 2,47899,San Marino,,San Marino,smbc@pec.it,,,Stefano Macina,Marco Zafferani,Lino Ceccoli,Paolo Achilli,43.9700020906422,12.4739284655292,43.9700020906422,12.4739284655292
SAL,IT,Sala Baganza Baseball Club ASD,"VIA DI VITTORIO, 15",43038,Sala Baganza,Emilia Romagna,Italy,segreteria@salabaganzabc.com,https://www.salabaganzabc.com/,,Federico Comelli,Fabbrizio Comelli,Francesca Dotti,Patrizia Drommi,44.7081563457955,10.2307738545702,44.7071354903652,10.2307993943614
SEN,IT,Senago Milano United BC ASD,VIA MARZORATI 7,20030,Senago,Lombardia,Italy,s.basilico@senagobaseball.it,http://www.senagobaseball.com/,,Stefano Basilico,Sante Principio Marzullo,Stefano Realini,Alessandro Bortolomai,45.5749236177136,9.12038297969891,45.5789620470226,9.113964022537
SET,IT,Settimo Baseball Club ASD,VIA TORINO,10036,Settimo Torinese,Piemonte,Italy,bcsettimo.baseball@gmail.com,https://www.bcsettimo.com/,,Patrizia Sciarrilli,Michele Brossa,Domenico Salvatore,Ernesto Wong,45.129324000212,7.75003333031669,45.129324000212,7.75003333031669
TOR,IT,Torino Cubs Grizzlies BSC ASD,CORSO ALLAMANO 59/D,10136,Torino,Piemonte,Italy,cubs@grizzliestorino.it,https://www.grizzliestorino.it/,,Maurizio Gai,Patrizia Agosto,Piero Blunda,,45.0506680348748,7.62410924292704,45.025601949313,7.6518133316002
VER,IT,Verona Baseball Team ASD,VIA MONTORIO 112,37131,Verona,Veneto,Italy,info@baseballteamverona.it,https://www.veronabaseball.com/,,William Manzotti,Massimo Borsi,Marco Mondo,Andrea Marogna,45.4475778304714,11.0349792963871,45.4466146975678,11.0340114292525
AMS,NL,Amsterdam Pirates,Herman Bonpad 5,1067 SN,Amsterdam,,Netherlands,,http://www.amsterdampirates.nl/,,,,,,52.3666214519415,4.79890276831326,52.3666214519415,4.79890276831326
DKI,NL,DSS/Kinheim,Pim Mulierlaan 1,2024 BW,Haarlem,,Netherlands,,http://kinheim.net/,,,,,,52.4082003941188,4.63075899961188,52.4082003941188,4.63075899961188
HCA,NL,HCAW,Zanderijweg,1403 XV,Bussum,,Netherlands,,http://www.hcaw.nl/,,,,,,52.2610805409593,5.16903268930751,52.2612385014795,5.16796235020019
NEP,NL,Curaçao Neptunus,Abraham van Stolkweg 31,3041 JA,Rotterdam,,Netherlands,,http://www.neptunussport.com/,,,,,,51.9236870262169,4.43876143666303,51.9241071880852,4.43912294186433
PIO,NL,Hoofddorp Pioniers,Nieuwe Molenaarslaan 10,2134 AS,Nieuw-Vennep,,Netherlands,,http://www.hoofddorp-pioniers.nl/,,,,,,52.2983285028437,4.62916705499102,52.2984895573727,4.62971544840962
QUI,NL,Quick Amersfoort,Dorresteinsesteeg 2,3817 GC,Amersfoort,,Netherlands,,http://www.bscquick.nl/,,,,,,52.1415218732457,5.40064650357725,52.1415933282969,5.40179621335794
RCH,NL,RCH-Pinguïns,Ringvaartlaan 4,2103 SW,Heemstede,,Netherlands,,http://rch-pinguins.nl/,,,,,,52.3378539269562,4.62766089112846,52.3377252333718,4.62829731972556
STO,NL,Storks,9 Schapenatjesduin Den,2554 BW,Den Haag,,Netherlands,,http://www.storks.nl/,,,,,,52.063379887855,4.22061348068602,52.0625746737506,4.21945310494265
TWI,NL,Twins Oosterhout,Kasteeldreef 32,4907 EA,Oosterhout,,Netherlands,,http://twins-sc.com/,,,,,,51.6557460298087,4.85913235600182,51.6561156304752,4.85941199014448
UVV,NL,UVV,Parkzichtlaan 201,3451 GX,Utrecht,,Netherlands,,http://www.hsvuvv.nl/,,,,,,52.0943778116066,5.03511638190748,52.0943778116066,5.03511638190748
RIV,ES,Rivas Oliva Técnica,Av. los Almendros s/n,28522,Rivas-Vaciamadrid,Madrid,Spain,,https://cbsrivas.org/,,,,,,40.3571408763141,-3.54503636462354,40.3571408763141,-3.54503636462354
OBB,ES,OBB Bizkorrak,Munto Aldea 1,20810,Orio,Gipuzkoa,Spain,,https://www.facebook.com/obb.bizkorrak/,,,,,,43.2788442986479,-2.13101427230194,43.2788442986479,-2.13101427230194
FEN,ES,Fènix Valencia,Calle Llano de Zaidia 3,46009,Valencia,Comunidad Valenciana,Spain,fenix@clubsofbolfenixvalencia.com,https://www.facebook.com/sofbolfenixvalencia/,,,,,,39.4823471593462,-0.378579485393373,39.4823471593462,-0.378579485393373
DRI,ES,Dridma Rivas,Av. los Almendros s/n,28522,Rivas-Vaciamadrid,Madrid,Spain,dridma@dridma.es,https://www.dridma.es/?,,Martha Moya,MªJosé Arias,Lorenzo Valero,Lola Extremera,40.3571408763141,-3.54503636462354,40.3571408763141,-3.54503636462354
CAP,ES,Capitalinos de Gran Canaria,Camino de las Cuartas s/n,35213,Telde,Las Palmas de Gran Canaria,Spain,info@capitalinos.es,http://capitalinos.es/,,Josue Enrique Fernández Pérez,Julio Antonio Fernández Pérez,Osmani González Pedrosa,Javier Leonardo Fernández Pérez,28.0032280145563,-15.4061255005951,28.0026050386903,-15.4056390428196
CAM,ES,CBS Cambre,C/ Río Mero 6 1ºC,15660,Cambre,Galicia,Spain,info@cbscambre.es,https://www.cbscambre.es/?,,,,,,43.3047585275266,-8.35517411916406,43.3142070298486,-8.38048931798829
EUR,NL,Euro Stars,Capelseweg 37,2907 XA,Capelle aan den IJssel,,Netherlands,,https://www.euro-stars.nl/,,Meral Euser,Jerry de Cloe,Aubrey Martina,,51.9406718677422,4.5718588684056,51.9420600280466,4.57233799980706
OGZ,NL,Onze Gezellen,Van der Aartweg,2026 ZL,Haarlem,,Netherlands,secretaris@onzegezellenhonkensoftbal.nl,https://www.onzegezellenhonkensoftbal.nl/,,John Koehorst ,Peter Huiberts,Richard Nierse ,,52.4242068522966,4.64957676441781,52.4242980753301,4.64999727097301
OLY,NL,Olympia Haarlem,Henk van Turnhoutpad 1,2034 JL,Haarlem,,Netherlands,,https://www.olympiahaarlem.nl/hs-home,,,,,,52.3684560429867,4.63819917791095,52.3699864782965,4.63976887346934
ROE,NL,ROEF!,Stokeind 13,5066 XA,Moergestel,,Netherlands,,https://svroef.nl/,,,,,,51.5533078829671,5.17596089325343,51.5527334974669,5.1756112365811
SPA,NL,Sparks Haarlem,Melkerijpad 11,2024 CR,Haarlem,,Netherlands,secretaris@sparkshaarlem.nl,https://sparkshaarlem.nl/,,,,,,52.4101893992028,4.64454833558219,52.4110327576574,4.64481248700261
TTT,NL,Tex Town Tigers,Kotkampweg 119,7531 AS,Enschede,,Netherlands,wedstrijdsecretaris@textowntigers.nl,https://www.textowntigers.nl/,,,,,,52.2338738762853,6.91173547700515,52.2340342092792,6.9114673175991
ELL,GB,East London Latin Boys,"Salisbury Hall playing fields, Walthamstow Avenue",E4 8ST,London,Greater London,United Kingdom,,https://m.facebook.com/people/East-London-baseball-club/100063876377052/,,,,,,51.6063606512769,-0.0221201781332586,51.6063606512769,-0.0221201781332586
HTF,GB,Herts Falcons,"Grovehill Ballpark, Washington Avenue",HP2 6NH,Hemel Hempstead,Hertfordshire,United Kingdom,,https://hertsbaseball.com/,,,,,,51.777457537713,-0.459514017693373,51.777457537713,-0.459514017693373
LBC,GB,London Legends,,,,,United Kingdom,,https://twitter.com/legendsbsb?lang=en,,,,,,,,,
LLC,GB,Lancashire Legends,,,,,United Kingdom,,https://twitter.com/legendsbsb?lang=en,,,,,,,,,
